s.no,file location,file name,class
1,/home/sdv-orin/nisanth/Wiper_prediction/Thesis_VCU/Audio/High Rain/High Rain_SNR10_2557.wav,High Rain_SNR10_2557.wav,High Rain
2,/home/sdv-orin/nisanth/Wiper_prediction/Thesis_VCU/Audio/High Rain/Fighting drowsiness in heavy rain_118_High Rain.wav,Fighting drowsiness in heavy rain_118_High Rain.wav,High Rain
3,/home/sdv-orin/nisanth/Wiper_prediction/Thesis_VCU/Audio/High Rain/Fighting drowsiness in heavy rain_19_High Rain.wav,Fighting drowsiness in heavy rain_19_High Rain.wav,High Rain
4,/home/sdv-orin/nisanth/Wiper_prediction/Thesis_VCU/Audio/High Rain/Fighting drowsiness in heavy rain_92_High Rain.wav,Fighting drowsiness in heavy rain_92_High Rain.wav,High Rain
5,/home/sdv-orin/nisanth/Wiper_prediction/Thesis_VCU/Audio/High Rain/Fighting drowsiness in heavy rain_67_High Rain.wav,Fighting drowsiness in heavy rain_67_High Rain.wav,High Rain
6,/home/sdv-orin/nisanth/Wiper_prediction/Thesis_VCU/Audio/High Rain/Fighting drowsiness in heavy rain_15_High Rain.wav,Fighting drowsiness in heavy rain_15_High Rain.wav,High Rain
7,/home/sdv-orin/nisanth/Wiper_prediction/Thesis_VCU/Audio/High Rain/Fighting drowsiness in heavy rain_38_High Rain.wav,Fighting drowsiness in heavy rain_38_High Rain.wav,High Rain
8,/home/sdv-orin/nisanth/Wiper_prediction/Thesis_VCU/Audio/High Rain/Fighting drowsiness in heavy rain_123_High Rain.wav,Fighting drowsiness in heavy rain_123_High Rain.wav,High Rain
9,/home/sdv-orin/nisanth/Wiper_prediction/Thesis_VCU/Audio/High Rain/Fighting drowsiness in heavy rain_111_High Rain.wav,Fighting drowsiness in heavy rain_111_High Rain.wav,High Rain
10,/home/sdv-orin/nisanth/Wiper_prediction/Thesis_VCU/Audio/High Rain/Fighting drowsiness in heavy rain_18_High Rain.wav,Fighting drowsiness in heavy rain_18_High Rain.wav,High Rain
11,/home/sdv-orin/nisanth/Wiper_prediction/Thesis_VCU/Audio/High Rain/Fighting drowsiness in heavy rain_98_High Rain.wav,Fighting drowsiness in heavy rain_98_High Rain.wav,High Rain
12,/home/sdv-orin/nisanth/Wiper_prediction/Thesis_VCU/Audio/High Rain/Fighting drowsiness in heavy rain_33_High Rain.wav,Fighting drowsiness in heavy rain_33_High Rain.wav,High Rain
13,/home/sdv-orin/nisanth/Wiper_prediction/Thesis_VCU/Audio/High Rain/Fighting drowsiness in heavy rain_55_High Rain.wav,Fighting drowsiness in heavy rain_55_High Rain.wav,High Rain
14,/home/sdv-orin/nisanth/Wiper_prediction/Thesis_VCU/Audio/High Rain/Fighting drowsiness in heavy rain_53_High Rain.wav,Fighting drowsiness in heavy rain_53_High Rain.wav,High Rain
15,/home/sdv-orin/nisanth/Wiper_prediction/Thesis_VCU/Audio/High Rain/High Rain_SNR10_2558.wav,High Rain_SNR10_2558.wav,High Rain
16,/home/sdv-orin/nisanth/Wiper_prediction/Thesis_VCU/Audio/High Rain/Fighting drowsiness in heavy rain_88_High Rain.wav,Fighting drowsiness in heavy rain_88_High Rain.wav,High Rain
17,/home/sdv-orin/nisanth/Wiper_prediction/Thesis_VCU/Audio/High Rain/Fighting drowsiness in heavy rain_63_High Rain.wav,Fighting drowsiness in heavy rain_63_High Rain.wav,High Rain
18,/home/sdv-orin/nisanth/Wiper_prediction/Thesis_VCU/Audio/High Rain/Fighting drowsiness in heavy rain_36_High Rain.wav,Fighting drowsiness in heavy rain_36_High Rain.wav,High Rain
19,/home/sdv-orin/nisanth/Wiper_prediction/Thesis_VCU/Audio/High Rain/High Rain_SNR10_2547.wav,High Rain_SNR10_2547.wav,High Rain
20,/home/sdv-orin/nisanth/Wiper_prediction/Thesis_VCU/Audio/High Rain/High Rain_SNR10_2537.wav,High Rain_SNR10_2537.wav,High Rain
21,/home/sdv-orin/nisanth/Wiper_prediction/Thesis_VCU/Audio/High Rain/High Rain_SNR10_2542.wav,High Rain_SNR10_2542.wav,High Rain
22,/home/sdv-orin/nisanth/Wiper_prediction/Thesis_VCU/Audio/High Rain/Fighting drowsiness in heavy rain_41_High Rain.wav,Fighting drowsiness in heavy rain_41_High Rain.wav,High Rain
23,/home/sdv-orin/nisanth/Wiper_prediction/Thesis_VCU/Audio/High Rain/Fighting drowsiness in heavy rain_97_High Rain.wav,Fighting drowsiness in heavy rain_97_High Rain.wav,High Rain
24,/home/sdv-orin/nisanth/Wiper_prediction/Thesis_VCU/Audio/High Rain/Fighting drowsiness in heavy rain_66_High Rain.wav,Fighting drowsiness in heavy rain_66_High Rain.wav,High Rain
25,/home/sdv-orin/nisanth/Wiper_prediction/Thesis_VCU/Audio/High Rain/Fighting drowsiness in heavy rain_37_High Rain.wav,Fighting drowsiness in heavy rain_37_High Rain.wav,High Rain
26,/home/sdv-orin/nisanth/Wiper_prediction/Thesis_VCU/Audio/High Rain/High Rain_SNR10_2559.wav,High Rain_SNR10_2559.wav,High Rain
27,/home/sdv-orin/nisanth/Wiper_prediction/Thesis_VCU/Audio/High Rain/Fighting drowsiness in heavy rain_120_High Rain.wav,Fighting drowsiness in heavy rain_120_High Rain.wav,High Rain
28,/home/sdv-orin/nisanth/Wiper_prediction/Thesis_VCU/Audio/High Rain/High Rain_SNR10_2541.wav,High Rain_SNR10_2541.wav,High Rain
29,/home/sdv-orin/nisanth/Wiper_prediction/Thesis_VCU/Audio/High Rain/High Rain_SNR10_2534.wav,High Rain_SNR10_2534.wav,High Rain
30,/home/sdv-orin/nisanth/Wiper_prediction/Thesis_VCU/Audio/High Rain/Fighting drowsiness in heavy rain_25_High Rain.wav,Fighting drowsiness in heavy rain_25_High Rain.wav,High Rain
31,/home/sdv-orin/nisanth/Wiper_prediction/Thesis_VCU/Audio/High Rain/Fighting drowsiness in heavy rain_130_High Rain.wav,Fighting drowsiness in heavy rain_130_High Rain.wav,High Rain
32,/home/sdv-orin/nisanth/Wiper_prediction/Thesis_VCU/Audio/High Rain/Fighting drowsiness in heavy rain_115_High Rain.wav,Fighting drowsiness in heavy rain_115_High Rain.wav,High Rain
33,/home/sdv-orin/nisanth/Wiper_prediction/Thesis_VCU/Audio/High Rain/Fighting drowsiness in heavy rain_105_High Rain.wav,Fighting drowsiness in heavy rain_105_High Rain.wav,High Rain
34,/home/sdv-orin/nisanth/Wiper_prediction/Thesis_VCU/Audio/High Rain/High Rain_SNR10_2527.wav,High Rain_SNR10_2527.wav,High Rain
35,/home/sdv-orin/nisanth/Wiper_prediction/Thesis_VCU/Audio/High Rain/Fighting drowsiness in heavy rain_13_High Rain.wav,Fighting drowsiness in heavy rain_13_High Rain.wav,High Rain
36,/home/sdv-orin/nisanth/Wiper_prediction/Thesis_VCU/Audio/High Rain/Fighting drowsiness in heavy rain_26_High Rain.wav,Fighting drowsiness in heavy rain_26_High Rain.wav,High Rain
37,/home/sdv-orin/nisanth/Wiper_prediction/Thesis_VCU/Audio/High Rain/High Rain_SNR10_2549.wav,High Rain_SNR10_2549.wav,High Rain
38,/home/sdv-orin/nisanth/Wiper_prediction/Thesis_VCU/Audio/High Rain/Fighting drowsiness in heavy rain_50_High Rain.wav,Fighting drowsiness in heavy rain_50_High Rain.wav,High Rain
39,/home/sdv-orin/nisanth/Wiper_prediction/Thesis_VCU/Audio/High Rain/Fighting drowsiness in heavy rain_17_High Rain.wav,Fighting drowsiness in heavy rain_17_High Rain.wav,High Rain
40,/home/sdv-orin/nisanth/Wiper_prediction/Thesis_VCU/Audio/High Rain/High Rain_SNR10_2556.wav,High Rain_SNR10_2556.wav,High Rain
41,/home/sdv-orin/nisanth/Wiper_prediction/Thesis_VCU/Audio/High Rain/High Rain_SNR10_2554.wav,High Rain_SNR10_2554.wav,High Rain
42,/home/sdv-orin/nisanth/Wiper_prediction/Thesis_VCU/Audio/High Rain/Fighting drowsiness in heavy rain_52_High Rain.wav,Fighting drowsiness in heavy rain_52_High Rain.wav,High Rain
43,/home/sdv-orin/nisanth/Wiper_prediction/Thesis_VCU/Audio/High Rain/Fighting drowsiness in heavy rain_40_High Rain.wav,Fighting drowsiness in heavy rain_40_High Rain.wav,High Rain
44,/home/sdv-orin/nisanth/Wiper_prediction/Thesis_VCU/Audio/High Rain/High Rain_SNR10_2529.wav,High Rain_SNR10_2529.wav,High Rain
45,/home/sdv-orin/nisanth/Wiper_prediction/Thesis_VCU/Audio/High Rain/Fighting drowsiness in heavy rain_51_High Rain.wav,Fighting drowsiness in heavy rain_51_High Rain.wav,High Rain
46,/home/sdv-orin/nisanth/Wiper_prediction/Thesis_VCU/Audio/High Rain/High Rain_SNR10_2552.wav,High Rain_SNR10_2552.wav,High Rain
47,/home/sdv-orin/nisanth/Wiper_prediction/Thesis_VCU/Audio/High Rain/High Rain_SNR10_2532.wav,High Rain_SNR10_2532.wav,High Rain
48,/home/sdv-orin/nisanth/Wiper_prediction/Thesis_VCU/Audio/High Rain/Fighting drowsiness in heavy rain_49_High Rain.wav,Fighting drowsiness in heavy rain_49_High Rain.wav,High Rain
49,/home/sdv-orin/nisanth/Wiper_prediction/Thesis_VCU/Audio/High Rain/High Rain_SNR10_2533.wav,High Rain_SNR10_2533.wav,High Rain
50,/home/sdv-orin/nisanth/Wiper_prediction/Thesis_VCU/Audio/High Rain/Fighting drowsiness in heavy rain_39_High Rain.wav,Fighting drowsiness in heavy rain_39_High Rain.wav,High Rain
51,/home/sdv-orin/nisanth/Wiper_prediction/Thesis_VCU/Audio/High Rain/Fighting drowsiness in heavy rain_61_High Rain.wav,Fighting drowsiness in heavy rain_61_High Rain.wav,High Rain
52,/home/sdv-orin/nisanth/Wiper_prediction/Thesis_VCU/Audio/High Rain/Fighting drowsiness in heavy rain_27_High Rain.wav,Fighting drowsiness in heavy rain_27_High Rain.wav,High Rain
53,/home/sdv-orin/nisanth/Wiper_prediction/Thesis_VCU/Audio/High Rain/High Rain_SNR10_2530.wav,High Rain_SNR10_2530.wav,High Rain
54,/home/sdv-orin/nisanth/Wiper_prediction/Thesis_VCU/Audio/High Rain/Fighting drowsiness in heavy rain_101_High Rain.wav,Fighting drowsiness in heavy rain_101_High Rain.wav,High Rain
55,/home/sdv-orin/nisanth/Wiper_prediction/Thesis_VCU/Audio/High Rain/Fighting drowsiness in heavy rain_24_High Rain.wav,Fighting drowsiness in heavy rain_24_High Rain.wav,High Rain
56,/home/sdv-orin/nisanth/Wiper_prediction/Thesis_VCU/Audio/High Rain/Fighting drowsiness in heavy rain_128_High Rain.wav,Fighting drowsiness in heavy rain_128_High Rain.wav,High Rain
57,/home/sdv-orin/nisanth/Wiper_prediction/Thesis_VCU/Audio/High Rain/Fighting drowsiness in heavy rain_54_High Rain.wav,Fighting drowsiness in heavy rain_54_High Rain.wav,High Rain
58,/home/sdv-orin/nisanth/Wiper_prediction/Thesis_VCU/Audio/High Rain/Fighting drowsiness in heavy rain_102_High Rain.wav,Fighting drowsiness in heavy rain_102_High Rain.wav,High Rain
59,/home/sdv-orin/nisanth/Wiper_prediction/Thesis_VCU/Audio/High Rain/High Rain_SNR10_2528.wav,High Rain_SNR10_2528.wav,High Rain
60,/home/sdv-orin/nisanth/Wiper_prediction/Thesis_VCU/Audio/High Rain/Fighting drowsiness in heavy rain_93_High Rain.wav,Fighting drowsiness in heavy rain_93_High Rain.wav,High Rain
61,/home/sdv-orin/nisanth/Wiper_prediction/Thesis_VCU/Audio/High Rain/High Rain_SNR10_2548.wav,High Rain_SNR10_2548.wav,High Rain
62,/home/sdv-orin/nisanth/Wiper_prediction/Thesis_VCU/Audio/High Rain/Fighting drowsiness in heavy rain_117_High Rain.wav,Fighting drowsiness in heavy rain_117_High Rain.wav,High Rain
63,/home/sdv-orin/nisanth/Wiper_prediction/Thesis_VCU/Audio/High Rain/High Rain_SNR10_2526.wav,High Rain_SNR10_2526.wav,High Rain
64,/home/sdv-orin/nisanth/Wiper_prediction/Thesis_VCU/Audio/High Rain/Fighting drowsiness in heavy rain_131_High Rain.wav,Fighting drowsiness in heavy rain_131_High Rain.wav,High Rain
65,/home/sdv-orin/nisanth/Wiper_prediction/Thesis_VCU/Audio/High Rain/Fighting drowsiness in heavy rain_60_High Rain.wav,Fighting drowsiness in heavy rain_60_High Rain.wav,High Rain
66,/home/sdv-orin/nisanth/Wiper_prediction/Thesis_VCU/Audio/High Rain/Fighting drowsiness in heavy rain_112_High Rain.wav,Fighting drowsiness in heavy rain_112_High Rain.wav,High Rain
67,/home/sdv-orin/nisanth/Wiper_prediction/Thesis_VCU/Audio/High Rain/High Rain_SNR10_2551.wav,High Rain_SNR10_2551.wav,High Rain
68,/home/sdv-orin/nisanth/Wiper_prediction/Thesis_VCU/Audio/High Rain/Fighting drowsiness in heavy rain_48_High Rain.wav,Fighting drowsiness in heavy rain_48_High Rain.wav,High Rain
69,/home/sdv-orin/nisanth/Wiper_prediction/Thesis_VCU/Audio/High Rain/Fighting drowsiness in heavy rain_109_High Rain.wav,Fighting drowsiness in heavy rain_109_High Rain.wav,High Rain
70,/home/sdv-orin/nisanth/Wiper_prediction/Thesis_VCU/Audio/High Rain/Fighting drowsiness in heavy rain_59_High Rain.wav,Fighting drowsiness in heavy rain_59_High Rain.wav,High Rain
71,/home/sdv-orin/nisanth/Wiper_prediction/Thesis_VCU/Audio/High Rain/Fighting drowsiness in heavy rain_107_High Rain.wav,Fighting drowsiness in heavy rain_107_High Rain.wav,High Rain
72,/home/sdv-orin/nisanth/Wiper_prediction/Thesis_VCU/Audio/High Rain/High Rain_SNR10_2543.wav,High Rain_SNR10_2543.wav,High Rain
73,/home/sdv-orin/nisanth/Wiper_prediction/Thesis_VCU/Audio/High Rain/High Rain_SNR10_2540.wav,High Rain_SNR10_2540.wav,High Rain
74,/home/sdv-orin/nisanth/Wiper_prediction/Thesis_VCU/Audio/High Rain/Fighting drowsiness in heavy rain_106_High Rain.wav,Fighting drowsiness in heavy rain_106_High Rain.wav,High Rain
75,/home/sdv-orin/nisanth/Wiper_prediction/Thesis_VCU/Audio/High Rain/Fighting drowsiness in heavy rain_21_High Rain.wav,Fighting drowsiness in heavy rain_21_High Rain.wav,High Rain
76,/home/sdv-orin/nisanth/Wiper_prediction/Thesis_VCU/Audio/High Rain/Fighting drowsiness in heavy rain_29_High Rain.wav,Fighting drowsiness in heavy rain_29_High Rain.wav,High Rain
77,/home/sdv-orin/nisanth/Wiper_prediction/Thesis_VCU/Audio/High Rain/High Rain_SNR10_2545.wav,High Rain_SNR10_2545.wav,High Rain
78,/home/sdv-orin/nisanth/Wiper_prediction/Thesis_VCU/Audio/High Rain/Fighting drowsiness in heavy rain_116_High Rain.wav,Fighting drowsiness in heavy rain_116_High Rain.wav,High Rain
79,/home/sdv-orin/nisanth/Wiper_prediction/Thesis_VCU/Audio/High Rain/High Rain_SNR10_2550.wav,High Rain_SNR10_2550.wav,High Rain
80,/home/sdv-orin/nisanth/Wiper_prediction/Thesis_VCU/Audio/High Rain/High Rain_SNR10_2553.wav,High Rain_SNR10_2553.wav,High Rain
81,/home/sdv-orin/nisanth/Wiper_prediction/Thesis_VCU/Audio/High Rain/High Rain_SNR10_2546.wav,High Rain_SNR10_2546.wav,High Rain
82,/home/sdv-orin/nisanth/Wiper_prediction/Thesis_VCU/Audio/High Rain/Fighting drowsiness in heavy rain_108_High Rain.wav,Fighting drowsiness in heavy rain_108_High Rain.wav,High Rain
83,/home/sdv-orin/nisanth/Wiper_prediction/Thesis_VCU/Audio/High Rain/High Rain_SNR10_2531.wav,High Rain_SNR10_2531.wav,High Rain
84,/home/sdv-orin/nisanth/Wiper_prediction/Thesis_VCU/Audio/High Rain/Fighting drowsiness in heavy rain_28_High Rain.wav,Fighting drowsiness in heavy rain_28_High Rain.wav,High Rain
85,/home/sdv-orin/nisanth/Wiper_prediction/Thesis_VCU/Audio/High Rain/Fighting drowsiness in heavy rain_22_High Rain.wav,Fighting drowsiness in heavy rain_22_High Rain.wav,High Rain
86,/home/sdv-orin/nisanth/Wiper_prediction/Thesis_VCU/Audio/High Rain/Fighting drowsiness in heavy rain_89_High Rain.wav,Fighting drowsiness in heavy rain_89_High Rain.wav,High Rain
87,/home/sdv-orin/nisanth/Wiper_prediction/Thesis_VCU/Audio/High Rain/Fighting drowsiness in heavy rain_96_High Rain.wav,Fighting drowsiness in heavy rain_96_High Rain.wav,High Rain
88,/home/sdv-orin/nisanth/Wiper_prediction/Thesis_VCU/Audio/High Rain/Fighting drowsiness in heavy rain_68_High Rain.wav,Fighting drowsiness in heavy rain_68_High Rain.wav,High Rain
89,/home/sdv-orin/nisanth/Wiper_prediction/Thesis_VCU/Audio/High Rain/Fighting drowsiness in heavy rain_46_High Rain.wav,Fighting drowsiness in heavy rain_46_High Rain.wav,High Rain
90,/home/sdv-orin/nisanth/Wiper_prediction/Thesis_VCU/Audio/High Rain/High Rain_SNR10_2536.wav,High Rain_SNR10_2536.wav,High Rain
91,/home/sdv-orin/nisanth/Wiper_prediction/Thesis_VCU/Audio/High Rain/Fighting drowsiness in heavy rain_14_High Rain.wav,Fighting drowsiness in heavy rain_14_High Rain.wav,High Rain
92,/home/sdv-orin/nisanth/Wiper_prediction/Thesis_VCU/Audio/High Rain/Fighting drowsiness in heavy rain_71_High Rain.wav,Fighting drowsiness in heavy rain_71_High Rain.wav,High Rain
93,/home/sdv-orin/nisanth/Wiper_prediction/Thesis_VCU/Audio/High Rain/Fighting drowsiness in heavy rain_122_High Rain.wav,Fighting drowsiness in heavy rain_122_High Rain.wav,High Rain
94,/home/sdv-orin/nisanth/Wiper_prediction/Thesis_VCU/Audio/High Rain/Fighting drowsiness in heavy rain_16_High Rain.wav,Fighting drowsiness in heavy rain_16_High Rain.wav,High Rain
95,/home/sdv-orin/nisanth/Wiper_prediction/Thesis_VCU/Audio/High Rain/Fighting drowsiness in heavy rain_121_High Rain.wav,Fighting drowsiness in heavy rain_121_High Rain.wav,High Rain
96,/home/sdv-orin/nisanth/Wiper_prediction/Thesis_VCU/Audio/High Rain/Fighting drowsiness in heavy rain_87_High Rain.wav,Fighting drowsiness in heavy rain_87_High Rain.wav,High Rain
97,/home/sdv-orin/nisanth/Wiper_prediction/Thesis_VCU/Audio/High Rain/Fighting drowsiness in heavy rain_58_High Rain.wav,Fighting drowsiness in heavy rain_58_High Rain.wav,High Rain
98,/home/sdv-orin/nisanth/Wiper_prediction/Thesis_VCU/Audio/High Rain/Fighting drowsiness in heavy rain_47_High Rain.wav,Fighting drowsiness in heavy rain_47_High Rain.wav,High Rain
99,/home/sdv-orin/nisanth/Wiper_prediction/Thesis_VCU/Audio/High Rain/Fighting drowsiness in heavy rain_56_High Rain.wav,Fighting drowsiness in heavy rain_56_High Rain.wav,High Rain
100,/home/sdv-orin/nisanth/Wiper_prediction/Thesis_VCU/Audio/High Rain/High Rain_SNR10_2544.wav,High Rain_SNR10_2544.wav,High Rain
101,/home/sdv-orin/nisanth/Wiper_prediction/Thesis_VCU/Audio/High Rain/High Rain_SNR10_2538.wav,High Rain_SNR10_2538.wav,High Rain
102,/home/sdv-orin/nisanth/Wiper_prediction/Thesis_VCU/Audio/High Rain/High Rain_SNR10_2539.wav,High Rain_SNR10_2539.wav,High Rain
103,/home/sdv-orin/nisanth/Wiper_prediction/Thesis_VCU/Audio/High Rain/Fighting drowsiness in heavy rain_64_High Rain.wav,Fighting drowsiness in heavy rain_64_High Rain.wav,High Rain
104,/home/sdv-orin/nisanth/Wiper_prediction/Thesis_VCU/Audio/High Rain/Fighting drowsiness in heavy rain_100_High Rain.wav,Fighting drowsiness in heavy rain_100_High Rain.wav,High Rain
105,/home/sdv-orin/nisanth/Wiper_prediction/Thesis_VCU/Audio/High Rain/Fighting drowsiness in heavy rain_129_High Rain.wav,Fighting drowsiness in heavy rain_129_High Rain.wav,High Rain
106,/home/sdv-orin/nisanth/Wiper_prediction/Thesis_VCU/Audio/High Rain/Fighting drowsiness in heavy rain_95_High Rain.wav,Fighting drowsiness in heavy rain_95_High Rain.wav,High Rain
107,/home/sdv-orin/nisanth/Wiper_prediction/Thesis_VCU/Audio/High Rain/High Rain_SNR10_2555.wav,High Rain_SNR10_2555.wav,High Rain
108,/home/sdv-orin/nisanth/Wiper_prediction/Thesis_VCU/Audio/High Rain/Fighting drowsiness in heavy rain_90_High Rain.wav,Fighting drowsiness in heavy rain_90_High Rain.wav,High Rain
109,/home/sdv-orin/nisanth/Wiper_prediction/Thesis_VCU/Audio/High Rain/High Rain_SNR10_2535.wav,High Rain_SNR10_2535.wav,High Rain
110,/home/sdv-orin/nisanth/Wiper_prediction/Thesis_VCU/Audio/High Rain/Fighting drowsiness in heavy rain_99_High Rain.wav,Fighting drowsiness in heavy rain_99_High Rain.wav,High Rain
111,/home/sdv-orin/nisanth/Wiper_prediction/Thesis_VCU/Audio/High Rain/Fighting drowsiness in heavy rain_91_High Rain.wav,Fighting drowsiness in heavy rain_91_High Rain.wav,High Rain
112,/home/sdv-orin/nisanth/Wiper_prediction/Thesis_VCU/Audio/High Rain/Fighting drowsiness in heavy rain_23_High Rain.wav,Fighting drowsiness in heavy rain_23_High Rain.wav,High Rain
113,/home/sdv-orin/nisanth/Wiper_prediction/Thesis_VCU/Audio/High Rain/Fighting drowsiness in heavy rain_86_High Rain.wav,Fighting drowsiness in heavy rain_86_High Rain.wav,High Rain
114,/home/sdv-orin/nisanth/Wiper_prediction/Thesis_VCU/Audio/High Rain/Fighting drowsiness in heavy rain_94_High Rain.wav,Fighting drowsiness in heavy rain_94_High Rain.wav,High Rain
1,/home/sdv-orin/nisanth/Wiper_prediction/Thesis_VCU/Audio/Moderate Rain/Moderate Rain_SNR20_3963.wav,Moderate Rain_SNR20_3963.wav,Moderate Rain
2,/home/sdv-orin/nisanth/Wiper_prediction/Thesis_VCU/Audio/Moderate Rain/Moderate Rain_SNR20_3982.wav,Moderate Rain_SNR20_3982.wav,Moderate Rain
3,/home/sdv-orin/nisanth/Wiper_prediction/Thesis_VCU/Audio/Moderate Rain/Moderate Rain_SNR20_3975.wav,Moderate Rain_SNR20_3975.wav,Moderate Rain
4,/home/sdv-orin/nisanth/Wiper_prediction/Thesis_VCU/Audio/Moderate Rain/Moderate Rain_SNR20_798.wav,Moderate Rain_SNR20_798.wav,Moderate Rain
5,/home/sdv-orin/nisanth/Wiper_prediction/Thesis_VCU/Audio/Moderate Rain/Moderate Rain_SNR20_793.wav,Moderate Rain_SNR20_793.wav,Moderate Rain
6,/home/sdv-orin/nisanth/Wiper_prediction/Thesis_VCU/Audio/Moderate Rain/Fighting drowsiness in heavy rain_7_Moderate Rain.wav,Fighting drowsiness in heavy rain_7_Moderate Rain.wav,Moderate Rain
7,/home/sdv-orin/nisanth/Wiper_prediction/Thesis_VCU/Audio/Moderate Rain/Moderate Rain_SNR20_3967.wav,Moderate Rain_SNR20_3967.wav,Moderate Rain
8,/home/sdv-orin/nisanth/Wiper_prediction/Thesis_VCU/Audio/Moderate Rain/ES_Car Rain Windshield 3 - SFX Producer_5_Moderate Rain.wav,ES_Car Rain Windshield 3 - SFX Producer_5_Moderate Rain.wav,Moderate Rain
9,/home/sdv-orin/nisanth/Wiper_prediction/Thesis_VCU/Audio/Moderate Rain/243774__bastipictures__rain-against-window_3_Moderate Rain.wav,243774__bastipictures__rain-against-window_3_Moderate Rain.wav,Moderate Rain
10,/home/sdv-orin/nisanth/Wiper_prediction/Thesis_VCU/Audio/Moderate Rain/Moderate Rain_SNR20_3974.wav,Moderate Rain_SNR20_3974.wav,Moderate Rain
11,/home/sdv-orin/nisanth/Wiper_prediction/Thesis_VCU/Audio/Moderate Rain/Moderate Rain_SNR20_3971.wav,Moderate Rain_SNR20_3971.wav,Moderate Rain
12,/home/sdv-orin/nisanth/Wiper_prediction/Thesis_VCU/Audio/Moderate Rain/Moderate Rain_SNR10_1310.wav,Moderate Rain_SNR10_1310.wav,Moderate Rain
13,/home/sdv-orin/nisanth/Wiper_prediction/Thesis_VCU/Audio/Moderate Rain/Moderate Rain_SNR20_799.wav,Moderate Rain_SNR20_799.wav,Moderate Rain
14,/home/sdv-orin/nisanth/Wiper_prediction/Thesis_VCU/Audio/Moderate Rain/Moderate Rain_SNR20_3965.wav,Moderate Rain_SNR20_3965.wav,Moderate Rain
15,/home/sdv-orin/nisanth/Wiper_prediction/Thesis_VCU/Audio/Moderate Rain/Moderate Rain_SNR20_3980.wav,Moderate Rain_SNR20_3980.wav,Moderate Rain
16,/home/sdv-orin/nisanth/Wiper_prediction/Thesis_VCU/Audio/Moderate Rain/Moderate Rain_SNR20_3966.wav,Moderate Rain_SNR20_3966.wav,Moderate Rain
17,/home/sdv-orin/nisanth/Wiper_prediction/Thesis_VCU/Audio/Moderate Rain/Moderate Rain_SNR20_3969.wav,Moderate Rain_SNR20_3969.wav,Moderate Rain
18,/home/sdv-orin/nisanth/Wiper_prediction/Thesis_VCU/Audio/Moderate Rain/Moderate Rain_SNR10_1311.wav,Moderate Rain_SNR10_1311.wav,Moderate Rain
19,/home/sdv-orin/nisanth/Wiper_prediction/Thesis_VCU/Audio/Moderate Rain/Moderate Rain_SNR10_1312.wav,Moderate Rain_SNR10_1312.wav,Moderate Rain
20,/home/sdv-orin/nisanth/Wiper_prediction/Thesis_VCU/Audio/Moderate Rain/Fighting drowsiness in heavy rain_0_Moderate Rain.wav,Fighting drowsiness in heavy rain_0_Moderate Rain.wav,Moderate Rain
21,/home/sdv-orin/nisanth/Wiper_prediction/Thesis_VCU/Audio/Moderate Rain/Moderate Rain_SNR20_3984.wav,Moderate Rain_SNR20_3984.wav,Moderate Rain
22,/home/sdv-orin/nisanth/Wiper_prediction/Thesis_VCU/Audio/Moderate Rain/Moderate Rain_SNR20_3976.wav,Moderate Rain_SNR20_3976.wav,Moderate Rain
23,/home/sdv-orin/nisanth/Wiper_prediction/Thesis_VCU/Audio/Moderate Rain/Moderate Rain_SNR20_3968.wav,Moderate Rain_SNR20_3968.wav,Moderate Rain
24,/home/sdv-orin/nisanth/Wiper_prediction/Thesis_VCU/Audio/Moderate Rain/Fighting drowsiness in heavy rain_8_Moderate Rain.wav,Fighting drowsiness in heavy rain_8_Moderate Rain.wav,Moderate Rain
25,/home/sdv-orin/nisanth/Wiper_prediction/Thesis_VCU/Audio/Moderate Rain/Moderate Rain_SNR20_795.wav,Moderate Rain_SNR20_795.wav,Moderate Rain
26,/home/sdv-orin/nisanth/Wiper_prediction/Thesis_VCU/Audio/Moderate Rain/Moderate Rain_SNR20_3977.wav,Moderate Rain_SNR20_3977.wav,Moderate Rain
27,/home/sdv-orin/nisanth/Wiper_prediction/Thesis_VCU/Audio/Moderate Rain/Moderate Rain_SNR10_1309.wav,Moderate Rain_SNR10_1309.wav,Moderate Rain
28,/home/sdv-orin/nisanth/Wiper_prediction/Thesis_VCU/Audio/Moderate Rain/Fighting drowsiness in heavy rain_5_Moderate Rain.wav,Fighting drowsiness in heavy rain_5_Moderate Rain.wav,Moderate Rain
29,/home/sdv-orin/nisanth/Wiper_prediction/Thesis_VCU/Audio/Moderate Rain/ES_Car Rain Windshield 3 - SFX Producer_7_Moderate Rain.wav,ES_Car Rain Windshield 3 - SFX Producer_7_Moderate Rain.wav,Moderate Rain
30,/home/sdv-orin/nisanth/Wiper_prediction/Thesis_VCU/Audio/Moderate Rain/Moderate Rain_SNR20_3961.wav,Moderate Rain_SNR20_3961.wav,Moderate Rain
31,/home/sdv-orin/nisanth/Wiper_prediction/Thesis_VCU/Audio/Moderate Rain/Moderate Rain_SNR20_3970.wav,Moderate Rain_SNR20_3970.wav,Moderate Rain
32,/home/sdv-orin/nisanth/Wiper_prediction/Thesis_VCU/Audio/Moderate Rain/Moderate Rain_SNR20_3981.wav,Moderate Rain_SNR20_3981.wav,Moderate Rain
33,/home/sdv-orin/nisanth/Wiper_prediction/Thesis_VCU/Audio/Moderate Rain/Moderate Rain_SNR20_3979.wav,Moderate Rain_SNR20_3979.wav,Moderate Rain
34,/home/sdv-orin/nisanth/Wiper_prediction/Thesis_VCU/Audio/Moderate Rain/Moderate Rain_SNR20_3986.wav,Moderate Rain_SNR20_3986.wav,Moderate Rain
35,/home/sdv-orin/nisanth/Wiper_prediction/Thesis_VCU/Audio/Moderate Rain/Moderate Rain_SNR10_1314.wav,Moderate Rain_SNR10_1314.wav,Moderate Rain
36,/home/sdv-orin/nisanth/Wiper_prediction/Thesis_VCU/Audio/Moderate Rain/Moderate Rain_SNR20_797.wav,Moderate Rain_SNR20_797.wav,Moderate Rain
37,/home/sdv-orin/nisanth/Wiper_prediction/Thesis_VCU/Audio/Moderate Rain/Moderate Rain_SNR20_3983.wav,Moderate Rain_SNR20_3983.wav,Moderate Rain
38,/home/sdv-orin/nisanth/Wiper_prediction/Thesis_VCU/Audio/Moderate Rain/Moderate Rain_SNR20_3962.wav,Moderate Rain_SNR20_3962.wav,Moderate Rain
39,/home/sdv-orin/nisanth/Wiper_prediction/Thesis_VCU/Audio/Moderate Rain/Moderate Rain_SNR20_796.wav,Moderate Rain_SNR20_796.wav,Moderate Rain
40,/home/sdv-orin/nisanth/Wiper_prediction/Thesis_VCU/Audio/Moderate Rain/Moderate Rain_SNR20_3985.wav,Moderate Rain_SNR20_3985.wav,Moderate Rain
41,/home/sdv-orin/nisanth/Wiper_prediction/Thesis_VCU/Audio/Moderate Rain/Moderate Rain_SNR20_3978.wav,Moderate Rain_SNR20_3978.wav,Moderate Rain
42,/home/sdv-orin/nisanth/Wiper_prediction/Thesis_VCU/Audio/Moderate Rain/Fighting drowsiness in heavy rain_4_Moderate Rain.wav,Fighting drowsiness in heavy rain_4_Moderate Rain.wav,Moderate Rain
43,/home/sdv-orin/nisanth/Wiper_prediction/Thesis_VCU/Audio/Moderate Rain/Moderate Rain_SNR20_3972.wav,Moderate Rain_SNR20_3972.wav,Moderate Rain
44,/home/sdv-orin/nisanth/Wiper_prediction/Thesis_VCU/Audio/Moderate Rain/Moderate Rain_SNR10_1313.wav,Moderate Rain_SNR10_1313.wav,Moderate Rain
45,/home/sdv-orin/nisanth/Wiper_prediction/Thesis_VCU/Audio/Moderate Rain/ES_Car Rain Windshield 3 - SFX Producer_6_Moderate Rain.wav,ES_Car Rain Windshield 3 - SFX Producer_6_Moderate Rain.wav,Moderate Rain
46,/home/sdv-orin/nisanth/Wiper_prediction/Thesis_VCU/Audio/Moderate Rain/Moderate Rain_SNR20_3960.wav,Moderate Rain_SNR20_3960.wav,Moderate Rain
47,/home/sdv-orin/nisanth/Wiper_prediction/Thesis_VCU/Audio/Moderate Rain/Moderate Rain_SNR20_3964.wav,Moderate Rain_SNR20_3964.wav,Moderate Rain
48,/home/sdv-orin/nisanth/Wiper_prediction/Thesis_VCU/Audio/Moderate Rain/Moderate Rain_SNR20_800.wav,Moderate Rain_SNR20_800.wav,Moderate Rain
49,/home/sdv-orin/nisanth/Wiper_prediction/Thesis_VCU/Audio/Moderate Rain/Moderate Rain_SNR20_794.wav,Moderate Rain_SNR20_794.wav,Moderate Rain
50,/home/sdv-orin/nisanth/Wiper_prediction/Thesis_VCU/Audio/Moderate Rain/Moderate Rain_SNR20_3973.wav,Moderate Rain_SNR20_3973.wav,Moderate Rain
1,/home/sdv-orin/nisanth/Wiper_prediction/Thesis_VCU/Audio/Light Rain/stormy_rain_thunder_565_Light Rain.wav,stormy_rain_thunder_565_Light Rain.wav,Light Rain
2,/home/sdv-orin/nisanth/Wiper_prediction/Thesis_VCU/Audio/Light Rain/111059__prettynice68__rain_31_Light Rain.wav,111059__prettynice68__rain_31_Light Rain.wav,Light Rain
3,/home/sdv-orin/nisanth/Wiper_prediction/Thesis_VCU/Audio/Light Rain/ES_Rain on Window 13 - SFX Producer_1_Light Rain.wav,ES_Rain on Window 13 - SFX Producer_1_Light Rain.wav,Light Rain
4,/home/sdv-orin/nisanth/Wiper_prediction/Thesis_VCU/Audio/Light Rain/85216__sanus_excipio__rain_windshield_sanus_excipio_2_Light Rain.wav,85216__sanus_excipio__rain_windshield_sanus_excipio_2_Light Rain.wav,Light Rain
5,/home/sdv-orin/nisanth/Wiper_prediction/Thesis_VCU/Audio/Light Rain/85216__sanus_excipio__rain_windshield_sanus_excipio_9_Light Rain.wav,85216__sanus_excipio__rain_windshield_sanus_excipio_9_Light Rain.wav,Light Rain
6,/home/sdv-orin/nisanth/Wiper_prediction/Thesis_VCU/Audio/Light Rain/111059__prettynice68__rain_9_Light Rain.wav,111059__prettynice68__rain_9_Light Rain.wav,Light Rain
7,/home/sdv-orin/nisanth/Wiper_prediction/Thesis_VCU/Audio/Light Rain/85216__sanus_excipio__rain_windshield_sanus_excipio_13_Light Rain.wav,85216__sanus_excipio__rain_windshield_sanus_excipio_13_Light Rain.wav,Light Rain
8,/home/sdv-orin/nisanth/Wiper_prediction/Thesis_VCU/Audio/Light Rain/85216__sanus_excipio__rain_windshield_sanus_excipio_11_Light Rain.wav,85216__sanus_excipio__rain_windshield_sanus_excipio_11_Light Rain.wav,Light Rain
9,/home/sdv-orin/nisanth/Wiper_prediction/Thesis_VCU/Audio/Light Rain/Light Rain_SNR20_359.wav,Light Rain_SNR20_359.wav,Light Rain
10,/home/sdv-orin/nisanth/Wiper_prediction/Thesis_VCU/Audio/Light Rain/stormy_rain_thunder_562_Light Rain.wav,stormy_rain_thunder_562_Light Rain.wav,Light Rain
11,/home/sdv-orin/nisanth/Wiper_prediction/Thesis_VCU/Audio/Light Rain/Light Rain_SNR20_355.wav,Light Rain_SNR20_355.wav,Light Rain
12,/home/sdv-orin/nisanth/Wiper_prediction/Thesis_VCU/Audio/Light Rain/111059__prettynice68__rain_36_Light Rain.wav,111059__prettynice68__rain_36_Light Rain.wav,Light Rain
13,/home/sdv-orin/nisanth/Wiper_prediction/Thesis_VCU/Audio/Light Rain/Light Rain_SNR20_357.wav,Light Rain_SNR20_357.wav,Light Rain
14,/home/sdv-orin/nisanth/Wiper_prediction/Thesis_VCU/Audio/Light Rain/111059__prettynice68__rain_27_Light Rain.wav,111059__prettynice68__rain_27_Light Rain.wav,Light Rain
15,/home/sdv-orin/nisanth/Wiper_prediction/Thesis_VCU/Audio/Light Rain/85216__sanus_excipio__rain_windshield_sanus_excipio_6_Light Rain.wav,85216__sanus_excipio__rain_windshield_sanus_excipio_6_Light Rain.wav,Light Rain
16,/home/sdv-orin/nisanth/Wiper_prediction/Thesis_VCU/Audio/Light Rain/111059__prettynice68__rain_33_Light Rain.wav,111059__prettynice68__rain_33_Light Rain.wav,Light Rain
17,/home/sdv-orin/nisanth/Wiper_prediction/Thesis_VCU/Audio/Light Rain/111059__prettynice68__rain_7_Light Rain.wav,111059__prettynice68__rain_7_Light Rain.wav,Light Rain
18,/home/sdv-orin/nisanth/Wiper_prediction/Thesis_VCU/Audio/Light Rain/111059__prettynice68__rain_30_Light Rain.wav,111059__prettynice68__rain_30_Light Rain.wav,Light Rain
19,/home/sdv-orin/nisanth/Wiper_prediction/Thesis_VCU/Audio/Light Rain/111059__prettynice68__rain_15_Light Rain.wav,111059__prettynice68__rain_15_Light Rain.wav,Light Rain
20,/home/sdv-orin/nisanth/Wiper_prediction/Thesis_VCU/Audio/Light Rain/111059__prettynice68__rain_6_Light Rain.wav,111059__prettynice68__rain_6_Light Rain.wav,Light Rain
21,/home/sdv-orin/nisanth/Wiper_prediction/Thesis_VCU/Audio/Light Rain/122795__geodylabs__car_rain_on_windshield_ford_ka_2_Light Rain.wav,122795__geodylabs__car_rain_on_windshield_ford_ka_2_Light Rain.wav,Light Rain
22,/home/sdv-orin/nisanth/Wiper_prediction/Thesis_VCU/Audio/Light Rain/111059__prettynice68__rain_24_Light Rain.wav,111059__prettynice68__rain_24_Light Rain.wav,Light Rain
23,/home/sdv-orin/nisanth/Wiper_prediction/Thesis_VCU/Audio/Light Rain/Light Rain_SNR20_356.wav,Light Rain_SNR20_356.wav,Light Rain
24,/home/sdv-orin/nisanth/Wiper_prediction/Thesis_VCU/Audio/Light Rain/stormy_rain_thunder_578_Light Rain.wav,stormy_rain_thunder_578_Light Rain.wav,Light Rain
25,/home/sdv-orin/nisanth/Wiper_prediction/Thesis_VCU/Audio/Light Rain/stormy_rain_thunder_579_Light Rain.wav,stormy_rain_thunder_579_Light Rain.wav,Light Rain
26,/home/sdv-orin/nisanth/Wiper_prediction/Thesis_VCU/Audio/Light Rain/111059__prettynice68__rain_11_Light Rain.wav,111059__prettynice68__rain_11_Light Rain.wav,Light Rain
27,/home/sdv-orin/nisanth/Wiper_prediction/Thesis_VCU/Audio/Light Rain/85216__sanus_excipio__rain_windshield_sanus_excipio_8_Light Rain.wav,85216__sanus_excipio__rain_windshield_sanus_excipio_8_Light Rain.wav,Light Rain
28,/home/sdv-orin/nisanth/Wiper_prediction/Thesis_VCU/Audio/Light Rain/111059__prettynice68__rain_29_Light Rain.wav,111059__prettynice68__rain_29_Light Rain.wav,Light Rain
29,/home/sdv-orin/nisanth/Wiper_prediction/Thesis_VCU/Audio/Light Rain/111059__prettynice68__rain_4_Light Rain.wav,111059__prettynice68__rain_4_Light Rain.wav,Light Rain
30,/home/sdv-orin/nisanth/Wiper_prediction/Thesis_VCU/Audio/Light Rain/111059__prettynice68__rain_13_Light Rain.wav,111059__prettynice68__rain_13_Light Rain.wav,Light Rain
31,/home/sdv-orin/nisanth/Wiper_prediction/Thesis_VCU/Audio/Light Rain/ES_Rain on Window 13 - SFX Producer_5_Light Rain.wav,ES_Rain on Window 13 - SFX Producer_5_Light Rain.wav,Light Rain
32,/home/sdv-orin/nisanth/Wiper_prediction/Thesis_VCU/Audio/Light Rain/111059__prettynice68__rain_3_Light Rain.wav,111059__prettynice68__rain_3_Light Rain.wav,Light Rain
33,/home/sdv-orin/nisanth/Wiper_prediction/Thesis_VCU/Audio/Light Rain/ES_Rain on Window 13 - SFX Producer_3_Light Rain.wav,ES_Rain on Window 13 - SFX Producer_3_Light Rain.wav,Light Rain
34,/home/sdv-orin/nisanth/Wiper_prediction/Thesis_VCU/Audio/Light Rain/85216__sanus_excipio__rain_windshield_sanus_excipio_10_Light Rain.wav,85216__sanus_excipio__rain_windshield_sanus_excipio_10_Light Rain.wav,Light Rain
35,/home/sdv-orin/nisanth/Wiper_prediction/Thesis_VCU/Audio/Light Rain/Light Rain_SNR20_354.wav,Light Rain_SNR20_354.wav,Light Rain
36,/home/sdv-orin/nisanth/Wiper_prediction/Thesis_VCU/Audio/Light Rain/111059__prettynice68__rain_32_Light Rain.wav,111059__prettynice68__rain_32_Light Rain.wav,Light Rain
37,/home/sdv-orin/nisanth/Wiper_prediction/Thesis_VCU/Audio/Light Rain/stormy_rain_thunder_577_Light Rain.wav,stormy_rain_thunder_577_Light Rain.wav,Light Rain
38,/home/sdv-orin/nisanth/Wiper_prediction/Thesis_VCU/Audio/Light Rain/111059__prettynice68__rain_21_Light Rain.wav,111059__prettynice68__rain_21_Light Rain.wav,Light Rain
39,/home/sdv-orin/nisanth/Wiper_prediction/Thesis_VCU/Audio/Light Rain/stormy_rain_thunder_584_Light Rain.wav,stormy_rain_thunder_584_Light Rain.wav,Light Rain
40,/home/sdv-orin/nisanth/Wiper_prediction/Thesis_VCU/Audio/Light Rain/111059__prettynice68__rain_5_Light Rain.wav,111059__prettynice68__rain_5_Light Rain.wav,Light Rain
41,/home/sdv-orin/nisanth/Wiper_prediction/Thesis_VCU/Audio/Light Rain/stormy_rain_thunder_568_Light Rain.wav,stormy_rain_thunder_568_Light Rain.wav,Light Rain
42,/home/sdv-orin/nisanth/Wiper_prediction/Thesis_VCU/Audio/Light Rain/85216__sanus_excipio__rain_windshield_sanus_excipio_12_Light Rain.wav,85216__sanus_excipio__rain_windshield_sanus_excipio_12_Light Rain.wav,Light Rain
43,/home/sdv-orin/nisanth/Wiper_prediction/Thesis_VCU/Audio/Light Rain/stormy_rain_thunder_580_Light Rain.wav,stormy_rain_thunder_580_Light Rain.wav,Light Rain
44,/home/sdv-orin/nisanth/Wiper_prediction/Thesis_VCU/Audio/Light Rain/Light Rain_SNR20_360.wav,Light Rain_SNR20_360.wav,Light Rain
45,/home/sdv-orin/nisanth/Wiper_prediction/Thesis_VCU/Audio/Light Rain/ES_Rain on Window 3 - SFX Producer_11_Light Rain.wav,ES_Rain on Window 3 - SFX Producer_11_Light Rain.wav,Light Rain
46,/home/sdv-orin/nisanth/Wiper_prediction/Thesis_VCU/Audio/Light Rain/111059__prettynice68__rain_1_Light Rain.wav,111059__prettynice68__rain_1_Light Rain.wav,Light Rain
47,/home/sdv-orin/nisanth/Wiper_prediction/Thesis_VCU/Audio/Light Rain/339489__berwitz__heavy-rain-in-the-car_1_Light Rain.wav,339489__berwitz__heavy-rain-in-the-car_1_Light Rain.wav,Light Rain
48,/home/sdv-orin/nisanth/Wiper_prediction/Thesis_VCU/Audio/Light Rain/85216__sanus_excipio__rain_windshield_sanus_excipio_14_Light Rain.wav,85216__sanus_excipio__rain_windshield_sanus_excipio_14_Light Rain.wav,Light Rain
49,/home/sdv-orin/nisanth/Wiper_prediction/Thesis_VCU/Audio/Light Rain/339489__berwitz__heavy-rain-in-the-car_4_Light Rain.wav,339489__berwitz__heavy-rain-in-the-car_4_Light Rain.wav,Light Rain
50,/home/sdv-orin/nisanth/Wiper_prediction/Thesis_VCU/Audio/Light Rain/stormy_rain_thunder_576_Light Rain.wav,stormy_rain_thunder_576_Light Rain.wav,Light Rain
51,/home/sdv-orin/nisanth/Wiper_prediction/Thesis_VCU/Audio/Light Rain/ES_Rain on Window 13 - SFX Producer_0_Light Rain.wav,ES_Rain on Window 13 - SFX Producer_0_Light Rain.wav,Light Rain
52,/home/sdv-orin/nisanth/Wiper_prediction/Thesis_VCU/Audio/Light Rain/stormy_rain_thunder_571_Light Rain.wav,stormy_rain_thunder_571_Light Rain.wav,Light Rain
53,/home/sdv-orin/nisanth/Wiper_prediction/Thesis_VCU/Audio/Light Rain/111059__prettynice68__rain_18_Light Rain.wav,111059__prettynice68__rain_18_Light Rain.wav,Light Rain
54,/home/sdv-orin/nisanth/Wiper_prediction/Thesis_VCU/Audio/Light Rain/111059__prettynice68__rain_0_Light Rain.wav,111059__prettynice68__rain_0_Light Rain.wav,Light Rain
55,/home/sdv-orin/nisanth/Wiper_prediction/Thesis_VCU/Audio/Light Rain/85216__sanus_excipio__rain_windshield_sanus_excipio_3_Light Rain.wav,85216__sanus_excipio__rain_windshield_sanus_excipio_3_Light Rain.wav,Light Rain
56,/home/sdv-orin/nisanth/Wiper_prediction/Thesis_VCU/Audio/Light Rain/122795__geodylabs__car_rain_on_windshield_ford_ka_0_Light Rain.wav,122795__geodylabs__car_rain_on_windshield_ford_ka_0_Light Rain.wav,Light Rain
57,/home/sdv-orin/nisanth/Wiper_prediction/Thesis_VCU/Audio/Light Rain/111059__prettynice68__rain_10_Light Rain.wav,111059__prettynice68__rain_10_Light Rain.wav,Light Rain
58,/home/sdv-orin/nisanth/Wiper_prediction/Thesis_VCU/Audio/Light Rain/85216__sanus_excipio__rain_windshield_sanus_excipio_4_Light Rain.wav,85216__sanus_excipio__rain_windshield_sanus_excipio_4_Light Rain.wav,Light Rain
59,/home/sdv-orin/nisanth/Wiper_prediction/Thesis_VCU/Audio/Light Rain/ES_Rain on Window 13 - SFX Producer_7_Light Rain.wav,ES_Rain on Window 13 - SFX Producer_7_Light Rain.wav,Light Rain
60,/home/sdv-orin/nisanth/Wiper_prediction/Thesis_VCU/Audio/Light Rain/ES_Rain on Window 3 - SFX Producer_9_Light Rain.wav,ES_Rain on Window 3 - SFX Producer_9_Light Rain.wav,Light Rain
61,/home/sdv-orin/nisanth/Wiper_prediction/Thesis_VCU/Audio/Light Rain/111059__prettynice68__rain_26_Light Rain.wav,111059__prettynice68__rain_26_Light Rain.wav,Light Rain
62,/home/sdv-orin/nisanth/Wiper_prediction/Thesis_VCU/Audio/Light Rain/111059__prettynice68__rain_16_Light Rain.wav,111059__prettynice68__rain_16_Light Rain.wav,Light Rain
63,/home/sdv-orin/nisanth/Wiper_prediction/Thesis_VCU/Audio/Light Rain/111059__prettynice68__rain_19_Light Rain.wav,111059__prettynice68__rain_19_Light Rain.wav,Light Rain
64,/home/sdv-orin/nisanth/Wiper_prediction/Thesis_VCU/Audio/Light Rain/ES_Rain on Window 3 - SFX Producer_10_Light Rain.wav,ES_Rain on Window 3 - SFX Producer_10_Light Rain.wav,Light Rain
65,/home/sdv-orin/nisanth/Wiper_prediction/Thesis_VCU/Audio/Light Rain/111059__prettynice68__rain_12_Light Rain.wav,111059__prettynice68__rain_12_Light Rain.wav,Light Rain
66,/home/sdv-orin/nisanth/Wiper_prediction/Thesis_VCU/Audio/Light Rain/ES_Rain on Window 13 - SFX Producer_4_Light Rain.wav,ES_Rain on Window 13 - SFX Producer_4_Light Rain.wav,Light Rain
67,/home/sdv-orin/nisanth/Wiper_prediction/Thesis_VCU/Audio/Light Rain/122795__geodylabs__car_rain_on_windshield_ford_ka_1_Light Rain.wav,122795__geodylabs__car_rain_on_windshield_ford_ka_1_Light Rain.wav,Light Rain
68,/home/sdv-orin/nisanth/Wiper_prediction/Thesis_VCU/Audio/Light Rain/111059__prettynice68__rain_8_Light Rain.wav,111059__prettynice68__rain_8_Light Rain.wav,Light Rain
69,/home/sdv-orin/nisanth/Wiper_prediction/Thesis_VCU/Audio/Light Rain/stormy_rain_thunder_581_Light Rain.wav,stormy_rain_thunder_581_Light Rain.wav,Light Rain
70,/home/sdv-orin/nisanth/Wiper_prediction/Thesis_VCU/Audio/Light Rain/Light Rain_SNR20_361.wav,Light Rain_SNR20_361.wav,Light Rain
71,/home/sdv-orin/nisanth/Wiper_prediction/Thesis_VCU/Audio/Light Rain/111059__prettynice68__rain_17_Light Rain.wav,111059__prettynice68__rain_17_Light Rain.wav,Light Rain
72,/home/sdv-orin/nisanth/Wiper_prediction/Thesis_VCU/Audio/Light Rain/339489__berwitz__heavy-rain-in-the-car_3_Light Rain.wav,339489__berwitz__heavy-rain-in-the-car_3_Light Rain.wav,Light Rain
73,/home/sdv-orin/nisanth/Wiper_prediction/Thesis_VCU/Audio/Light Rain/111059__prettynice68__rain_34_Light Rain.wav,111059__prettynice68__rain_34_Light Rain.wav,Light Rain
74,/home/sdv-orin/nisanth/Wiper_prediction/Thesis_VCU/Audio/Light Rain/111059__prettynice68__rain_20_Light Rain.wav,111059__prettynice68__rain_20_Light Rain.wav,Light Rain
75,/home/sdv-orin/nisanth/Wiper_prediction/Thesis_VCU/Audio/Light Rain/ES_Rain on Window 3 - SFX Producer_8_Light Rain.wav,ES_Rain on Window 3 - SFX Producer_8_Light Rain.wav,Light Rain
76,/home/sdv-orin/nisanth/Wiper_prediction/Thesis_VCU/Audio/Light Rain/ES_Rain on Window 13 - SFX Producer_2_Light Rain.wav,ES_Rain on Window 13 - SFX Producer_2_Light Rain.wav,Light Rain
77,/home/sdv-orin/nisanth/Wiper_prediction/Thesis_VCU/Audio/Light Rain/111059__prettynice68__rain_22_Light Rain.wav,111059__prettynice68__rain_22_Light Rain.wav,Light Rain
78,/home/sdv-orin/nisanth/Wiper_prediction/Thesis_VCU/Audio/Light Rain/111059__prettynice68__rain_23_Light Rain.wav,111059__prettynice68__rain_23_Light Rain.wav,Light Rain
79,/home/sdv-orin/nisanth/Wiper_prediction/Thesis_VCU/Audio/Light Rain/ES_Rain on Window 10 - SFX Producer_4_Light Rain.wav,ES_Rain on Window 10 - SFX Producer_4_Light Rain.wav,Light Rain
80,/home/sdv-orin/nisanth/Wiper_prediction/Thesis_VCU/Audio/Light Rain/85216__sanus_excipio__rain_windshield_sanus_excipio_7_Light Rain.wav,85216__sanus_excipio__rain_windshield_sanus_excipio_7_Light Rain.wav,Light Rain
81,/home/sdv-orin/nisanth/Wiper_prediction/Thesis_VCU/Audio/Light Rain/stormy_rain_thunder_566_Light Rain.wav,stormy_rain_thunder_566_Light Rain.wav,Light Rain
82,/home/sdv-orin/nisanth/Wiper_prediction/Thesis_VCU/Audio/Light Rain/111059__prettynice68__rain_35_Light Rain.wav,111059__prettynice68__rain_35_Light Rain.wav,Light Rain
83,/home/sdv-orin/nisanth/Wiper_prediction/Thesis_VCU/Audio/Light Rain/85216__sanus_excipio__rain_windshield_sanus_excipio_1_Light Rain.wav,85216__sanus_excipio__rain_windshield_sanus_excipio_1_Light Rain.wav,Light Rain
84,/home/sdv-orin/nisanth/Wiper_prediction/Thesis_VCU/Audio/Light Rain/Light Rain_SNR20_358.wav,Light Rain_SNR20_358.wav,Light Rain
85,/home/sdv-orin/nisanth/Wiper_prediction/Thesis_VCU/Audio/Light Rain/ES_Rain on Window 13 - SFX Producer_6_Light Rain.wav,ES_Rain on Window 13 - SFX Producer_6_Light Rain.wav,Light Rain
86,/home/sdv-orin/nisanth/Wiper_prediction/Thesis_VCU/Audio/Light Rain/Light Rain_SNR20_363.wav,Light Rain_SNR20_363.wav,Light Rain
87,/home/sdv-orin/nisanth/Wiper_prediction/Thesis_VCU/Audio/Light Rain/stormy_rain_thunder_570_Light Rain.wav,stormy_rain_thunder_570_Light Rain.wav,Light Rain
88,/home/sdv-orin/nisanth/Wiper_prediction/Thesis_VCU/Audio/Light Rain/339489__berwitz__heavy-rain-in-the-car_2_Light Rain.wav,339489__berwitz__heavy-rain-in-the-car_2_Light Rain.wav,Light Rain
89,/home/sdv-orin/nisanth/Wiper_prediction/Thesis_VCU/Audio/Light Rain/stormy_rain_thunder_583_Light Rain.wav,stormy_rain_thunder_583_Light Rain.wav,Light Rain
90,/home/sdv-orin/nisanth/Wiper_prediction/Thesis_VCU/Audio/Light Rain/111059__prettynice68__rain_25_Light Rain.wav,111059__prettynice68__rain_25_Light Rain.wav,Light Rain
91,/home/sdv-orin/nisanth/Wiper_prediction/Thesis_VCU/Audio/Light Rain/stormy_rain_thunder_582_Light Rain.wav,stormy_rain_thunder_582_Light Rain.wav,Light Rain
92,/home/sdv-orin/nisanth/Wiper_prediction/Thesis_VCU/Audio/Light Rain/stormy_rain_thunder_569_Light Rain.wav,stormy_rain_thunder_569_Light Rain.wav,Light Rain
93,/home/sdv-orin/nisanth/Wiper_prediction/Thesis_VCU/Audio/Light Rain/Light Rain_SNR20_362.wav,Light Rain_SNR20_362.wav,Light Rain
94,/home/sdv-orin/nisanth/Wiper_prediction/Thesis_VCU/Audio/Light Rain/111059__prettynice68__rain_28_Light Rain.wav,111059__prettynice68__rain_28_Light Rain.wav,Light Rain
95,/home/sdv-orin/nisanth/Wiper_prediction/Thesis_VCU/Audio/Light Rain/339489__berwitz__heavy-rain-in-the-car_0_Light Rain.wav,339489__berwitz__heavy-rain-in-the-car_0_Light Rain.wav,Light Rain
96,/home/sdv-orin/nisanth/Wiper_prediction/Thesis_VCU/Audio/Light Rain/stormy_rain_thunder_564_Light Rain.wav,stormy_rain_thunder_564_Light Rain.wav,Light Rain
97,/home/sdv-orin/nisanth/Wiper_prediction/Thesis_VCU/Audio/Light Rain/85216__sanus_excipio__rain_windshield_sanus_excipio_5_Light Rain.wav,85216__sanus_excipio__rain_windshield_sanus_excipio_5_Light Rain.wav,Light Rain
98,/home/sdv-orin/nisanth/Wiper_prediction/Thesis_VCU/Audio/Light Rain/111059__prettynice68__rain_2_Light Rain.wav,111059__prettynice68__rain_2_Light Rain.wav,Light Rain
99,/home/sdv-orin/nisanth/Wiper_prediction/Thesis_VCU/Audio/Light Rain/111059__prettynice68__rain_14_Light Rain.wav,111059__prettynice68__rain_14_Light Rain.wav,Light Rain
1,/home/sdv-orin/nisanth/Wiper_prediction/Thesis_VCU/Audio/No Rain/17853-5-0-10.wav,17853-5-0-10.wav,No Rain
2,/home/sdv-orin/nisanth/Wiper_prediction/Thesis_VCU/Audio/No Rain/16692-5-0-1.wav,16692-5-0-1.wav,No Rain
3,/home/sdv-orin/nisanth/Wiper_prediction/Thesis_VCU/Audio/No Rain/17480-2-0-35.wav,17480-2-0-35.wav,No Rain
4,/home/sdv-orin/nisanth/Wiper_prediction/Thesis_VCU/Audio/No Rain/20015-3-0-14.wav,20015-3-0-14.wav,No Rain
5,/home/sdv-orin/nisanth/Wiper_prediction/Thesis_VCU/Audio/No Rain/19338-5-3-0.wav,19338-5-3-0.wav,No Rain
6,/home/sdv-orin/nisanth/Wiper_prediction/Thesis_VCU/Audio/No Rain/20285-3-0-0.wav,20285-3-0-0.wav,No Rain
7,/home/sdv-orin/nisanth/Wiper_prediction/Thesis_VCU/Audio/No Rain/16692-5-0-2.wav,16692-5-0-2.wav,No Rain
8,/home/sdv-orin/nisanth/Wiper_prediction/Thesis_VCU/Audio/No Rain/16692-5-0-5.wav,16692-5-0-5.wav,No Rain
9,/home/sdv-orin/nisanth/Wiper_prediction/Thesis_VCU/Audio/No Rain/17578-5-0-29.wav,17578-5-0-29.wav,No Rain
10,/home/sdv-orin/nisanth/Wiper_prediction/Thesis_VCU/Audio/No Rain/17009-2-0-3.wav,17009-2-0-3.wav,No Rain
11,/home/sdv-orin/nisanth/Wiper_prediction/Thesis_VCU/Audio/No Rain/17578-5-0-6.wav,17578-5-0-6.wav,No Rain
12,/home/sdv-orin/nisanth/Wiper_prediction/Thesis_VCU/Audio/No Rain/17578-5-0-22.wav,17578-5-0-22.wav,No Rain
13,/home/sdv-orin/nisanth/Wiper_prediction/Thesis_VCU/Audio/No Rain/17480-2-0-25.wav,17480-2-0-25.wav,No Rain
14,/home/sdv-orin/nisanth/Wiper_prediction/Thesis_VCU/Audio/No Rain/17973-2-0-29.wav,17973-2-0-29.wav,No Rain
15,/home/sdv-orin/nisanth/Wiper_prediction/Thesis_VCU/Audio/No Rain/17810-3-1-0.wav,17810-3-1-0.wav,No Rain
16,/home/sdv-orin/nisanth/Wiper_prediction/Thesis_VCU/Audio/No Rain/16692-5-0-10.wav,16692-5-0-10.wav,No Rain
17,/home/sdv-orin/nisanth/Wiper_prediction/Thesis_VCU/Audio/No Rain/17973-2-0-9.wav,17973-2-0-9.wav,No Rain
18,/home/sdv-orin/nisanth/Wiper_prediction/Thesis_VCU/Audio/No Rain/15544-5-0-15.wav,15544-5-0-15.wav,No Rain
19,/home/sdv-orin/nisanth/Wiper_prediction/Thesis_VCU/Audio/No Rain/17124-1-0-0.wav,17124-1-0-0.wav,No Rain
20,/home/sdv-orin/nisanth/Wiper_prediction/Thesis_VCU/Audio/No Rain/20285-3-1-0.wav,20285-3-1-0.wav,No Rain
21,/home/sdv-orin/nisanth/Wiper_prediction/Thesis_VCU/Audio/No Rain/17592-5-1-1.wav,17592-5-1-1.wav,No Rain
22,/home/sdv-orin/nisanth/Wiper_prediction/Thesis_VCU/Audio/No Rain/16692-5-0-3.wav,16692-5-0-3.wav,No Rain
23,/home/sdv-orin/nisanth/Wiper_prediction/Thesis_VCU/Audio/No Rain/18594-1-6-0.wav,18594-1-6-0.wav,No Rain
24,/home/sdv-orin/nisanth/Wiper_prediction/Thesis_VCU/Audio/No Rain/17480-2-0-11.wav,17480-2-0-11.wav,No Rain
25,/home/sdv-orin/nisanth/Wiper_prediction/Thesis_VCU/Audio/No Rain/17592-5-1-3.wav,17592-5-1-3.wav,No Rain
26,/home/sdv-orin/nisanth/Wiper_prediction/Thesis_VCU/Audio/No Rain/17973-2-0-31.wav,17973-2-0-31.wav,No Rain
27,/home/sdv-orin/nisanth/Wiper_prediction/Thesis_VCU/Audio/No Rain/17009-2-0-9.wav,17009-2-0-9.wav,No Rain
28,/home/sdv-orin/nisanth/Wiper_prediction/Thesis_VCU/Audio/No Rain/20571-3-0-0.wav,20571-3-0-0.wav,No Rain
29,/home/sdv-orin/nisanth/Wiper_prediction/Thesis_VCU/Audio/No Rain/17913-4-2-0.wav,17913-4-2-0.wav,No Rain
30,/home/sdv-orin/nisanth/Wiper_prediction/Thesis_VCU/Audio/No Rain/16692-5-0-7.wav,16692-5-0-7.wav,No Rain
31,/home/sdv-orin/nisanth/Wiper_prediction/Thesis_VCU/Audio/No Rain/15544-5-0-18.wav,15544-5-0-18.wav,No Rain
32,/home/sdv-orin/nisanth/Wiper_prediction/Thesis_VCU/Audio/No Rain/17578-5-0-5.wav,17578-5-0-5.wav,No Rain
33,/home/sdv-orin/nisanth/Wiper_prediction/Thesis_VCU/Audio/No Rain/17486-3-2-0.wav,17486-3-2-0.wav,No Rain
34,/home/sdv-orin/nisanth/Wiper_prediction/Thesis_VCU/Audio/No Rain/17009-2-0-6.wav,17009-2-0-6.wav,No Rain
35,/home/sdv-orin/nisanth/Wiper_prediction/Thesis_VCU/Audio/No Rain/15544-5-0-17.wav,15544-5-0-17.wav,No Rain
36,/home/sdv-orin/nisanth/Wiper_prediction/Thesis_VCU/Audio/No Rain/17853-5-0-9.wav,17853-5-0-9.wav,No Rain
37,/home/sdv-orin/nisanth/Wiper_prediction/Thesis_VCU/Audio/No Rain/17578-5-0-26.wav,17578-5-0-26.wav,No Rain
38,/home/sdv-orin/nisanth/Wiper_prediction/Thesis_VCU/Audio/No Rain/17578-5-0-4.wav,17578-5-0-4.wav,No Rain
39,/home/sdv-orin/nisanth/Wiper_prediction/Thesis_VCU/Audio/No Rain/17853-5-0-0.wav,17853-5-0-0.wav,No Rain
40,/home/sdv-orin/nisanth/Wiper_prediction/Thesis_VCU/Audio/No Rain/17853-5-0-11.wav,17853-5-0-11.wav,No Rain
41,/home/sdv-orin/nisanth/Wiper_prediction/Thesis_VCU/Audio/No Rain/17578-5-0-24.wav,17578-5-0-24.wav,No Rain
42,/home/sdv-orin/nisanth/Wiper_prediction/Thesis_VCU/Audio/No Rain/17853-5-0-14.wav,17853-5-0-14.wav,No Rain
43,/home/sdv-orin/nisanth/Wiper_prediction/Thesis_VCU/Audio/No Rain/17913-4-1-0.wav,17913-4-1-0.wav,No Rain
44,/home/sdv-orin/nisanth/Wiper_prediction/Thesis_VCU/Audio/No Rain/17973-2-0-32.wav,17973-2-0-32.wav,No Rain
45,/home/sdv-orin/nisanth/Wiper_prediction/Thesis_VCU/Audio/No Rain/16692-5-0-0.wav,16692-5-0-0.wav,No Rain
46,/home/sdv-orin/nisanth/Wiper_prediction/Thesis_VCU/Audio/No Rain/17973-2-0-8.wav,17973-2-0-8.wav,No Rain
47,/home/sdv-orin/nisanth/Wiper_prediction/Thesis_VCU/Audio/No Rain/19026-1-0-0.wav,19026-1-0-0.wav,No Rain
48,/home/sdv-orin/nisanth/Wiper_prediction/Thesis_VCU/Audio/No Rain/15544-5-0-13.wav,15544-5-0-13.wav,No Rain
49,/home/sdv-orin/nisanth/Wiper_prediction/Thesis_VCU/Audio/No Rain/19496-3-1-1.wav,19496-3-1-1.wav,No Rain
50,/home/sdv-orin/nisanth/Wiper_prediction/Thesis_VCU/Audio/No Rain/15564-2-0-2.wav,15564-2-0-2.wav,No Rain
51,/home/sdv-orin/nisanth/Wiper_prediction/Thesis_VCU/Audio/No Rain/17578-5-0-12.wav,17578-5-0-12.wav,No Rain
52,/home/sdv-orin/nisanth/Wiper_prediction/Thesis_VCU/Audio/No Rain/18592-5-0-2.wav,18592-5-0-2.wav,No Rain
53,/home/sdv-orin/nisanth/Wiper_prediction/Thesis_VCU/Audio/No Rain/16772-8-0-0.wav,16772-8-0-0.wav,No Rain
54,/home/sdv-orin/nisanth/Wiper_prediction/Thesis_VCU/Audio/No Rain/20688-2-0-0.wav,20688-2-0-0.wav,No Rain
55,/home/sdv-orin/nisanth/Wiper_prediction/Thesis_VCU/Audio/No Rain/17853-5-0-2.wav,17853-5-0-2.wav,No Rain
56,/home/sdv-orin/nisanth/Wiper_prediction/Thesis_VCU/Audio/No Rain/17486-3-1-0.wav,17486-3-1-0.wav,No Rain
57,/home/sdv-orin/nisanth/Wiper_prediction/Thesis_VCU/Audio/No Rain/17853-5-0-15.wav,17853-5-0-15.wav,No Rain
58,/home/sdv-orin/nisanth/Wiper_prediction/Thesis_VCU/Audio/No Rain/17480-2-0-6.wav,17480-2-0-6.wav,No Rain
59,/home/sdv-orin/nisanth/Wiper_prediction/Thesis_VCU/Audio/No Rain/19218-3-0-0.wav,19218-3-0-0.wav,No Rain
60,/home/sdv-orin/nisanth/Wiper_prediction/Thesis_VCU/Audio/No Rain/18594-1-1-0.wav,18594-1-1-0.wav,No Rain
61,/home/sdv-orin/nisanth/Wiper_prediction/Thesis_VCU/Audio/No Rain/17578-5-0-31.wav,17578-5-0-31.wav,No Rain
62,/home/sdv-orin/nisanth/Wiper_prediction/Thesis_VCU/Audio/No Rain/18581-3-1-1.wav,18581-3-1-1.wav,No Rain
63,/home/sdv-orin/nisanth/Wiper_prediction/Thesis_VCU/Audio/No Rain/17480-2-0-9.wav,17480-2-0-9.wav,No Rain
64,/home/sdv-orin/nisanth/Wiper_prediction/Thesis_VCU/Audio/No Rain/17578-5-0-18.wav,17578-5-0-18.wav,No Rain
65,/home/sdv-orin/nisanth/Wiper_prediction/Thesis_VCU/Audio/No Rain/17486-3-0-0.wav,17486-3-0-0.wav,No Rain
66,/home/sdv-orin/nisanth/Wiper_prediction/Thesis_VCU/Audio/No Rain/20688-2-0-4.wav,20688-2-0-4.wav,No Rain
67,/home/sdv-orin/nisanth/Wiper_prediction/Thesis_VCU/Audio/No Rain/20688-2-0-1.wav,20688-2-0-1.wav,No Rain
68,/home/sdv-orin/nisanth/Wiper_prediction/Thesis_VCU/Audio/No Rain/17592-5-1-0.wav,17592-5-1-0.wav,No Rain
69,/home/sdv-orin/nisanth/Wiper_prediction/Thesis_VCU/Audio/No Rain/17578-5-0-0.wav,17578-5-0-0.wav,No Rain
70,/home/sdv-orin/nisanth/Wiper_prediction/Thesis_VCU/Audio/No Rain/17578-5-0-25.wav,17578-5-0-25.wav,No Rain
71,/home/sdv-orin/nisanth/Wiper_prediction/Thesis_VCU/Audio/No Rain/15544-5-0-11.wav,15544-5-0-11.wav,No Rain
72,/home/sdv-orin/nisanth/Wiper_prediction/Thesis_VCU/Audio/No Rain/16692-5-0-4.wav,16692-5-0-4.wav,No Rain
73,/home/sdv-orin/nisanth/Wiper_prediction/Thesis_VCU/Audio/No Rain/17615-3-0-4.wav,17615-3-0-4.wav,No Rain
74,/home/sdv-orin/nisanth/Wiper_prediction/Thesis_VCU/Audio/No Rain/17853-5-0-3.wav,17853-5-0-3.wav,No Rain
75,/home/sdv-orin/nisanth/Wiper_prediction/Thesis_VCU/Audio/No Rain/18933-1-0-0.wav,18933-1-0-0.wav,No Rain
76,/home/sdv-orin/nisanth/Wiper_prediction/Thesis_VCU/Audio/No Rain/17578-5-0-30.wav,17578-5-0-30.wav,No Rain
77,/home/sdv-orin/nisanth/Wiper_prediction/Thesis_VCU/Audio/No Rain/17578-5-0-28.wav,17578-5-0-28.wav,No Rain
78,/home/sdv-orin/nisanth/Wiper_prediction/Thesis_VCU/Audio/No Rain/17578-5-0-3.wav,17578-5-0-3.wav,No Rain
79,/home/sdv-orin/nisanth/Wiper_prediction/Thesis_VCU/Audio/No Rain/16860-9-0-45.wav,16860-9-0-45.wav,No Rain
80,/home/sdv-orin/nisanth/Wiper_prediction/Thesis_VCU/Audio/No Rain/17578-5-0-15.wav,17578-5-0-15.wav,No Rain
81,/home/sdv-orin/nisanth/Wiper_prediction/Thesis_VCU/Audio/No Rain/18592-5-0-3.wav,18592-5-0-3.wav,No Rain
82,/home/sdv-orin/nisanth/Wiper_prediction/Thesis_VCU/Audio/No Rain/17578-5-0-7.wav,17578-5-0-7.wav,No Rain
83,/home/sdv-orin/nisanth/Wiper_prediction/Thesis_VCU/Audio/No Rain/19338-5-0-0.wav,19338-5-0-0.wav,No Rain
84,/home/sdv-orin/nisanth/Wiper_prediction/Thesis_VCU/Audio/No Rain/18594-1-5-0.wav,18594-1-5-0.wav,No Rain
85,/home/sdv-orin/nisanth/Wiper_prediction/Thesis_VCU/Audio/No Rain/17578-5-0-33.wav,17578-5-0-33.wav,No Rain
86,/home/sdv-orin/nisanth/Wiper_prediction/Thesis_VCU/Audio/No Rain/19496-3-1-0.wav,19496-3-1-0.wav,No Rain
87,/home/sdv-orin/nisanth/Wiper_prediction/Thesis_VCU/Audio/No Rain/16860-9-0-50.wav,16860-9-0-50.wav,No Rain
88,/home/sdv-orin/nisanth/Wiper_prediction/Thesis_VCU/Audio/No Rain/17973-2-0-21.wav,17973-2-0-21.wav,No Rain
89,/home/sdv-orin/nisanth/Wiper_prediction/Thesis_VCU/Audio/No Rain/15564-2-0-0.wav,15564-2-0-0.wav,No Rain
90,/home/sdv-orin/nisanth/Wiper_prediction/Thesis_VCU/Audio/No Rain/19338-5-1-0.wav,19338-5-1-0.wav,No Rain
91,/home/sdv-orin/nisanth/Wiper_prediction/Thesis_VCU/Audio/No Rain/17009-2-0-1.wav,17009-2-0-1.wav,No Rain
92,/home/sdv-orin/nisanth/Wiper_prediction/Thesis_VCU/Audio/No Rain/15544-5-0-9.wav,15544-5-0-9.wav,No Rain
93,/home/sdv-orin/nisanth/Wiper_prediction/Thesis_VCU/Audio/No Rain/17578-5-0-10.wav,17578-5-0-10.wav,No Rain
94,/home/sdv-orin/nisanth/Wiper_prediction/Thesis_VCU/Audio/No Rain/17578-5-0-1.wav,17578-5-0-1.wav,No Rain
95,/home/sdv-orin/nisanth/Wiper_prediction/Thesis_VCU/Audio/No Rain/17810-3-0-0.wav,17810-3-0-0.wav,No Rain
96,/home/sdv-orin/nisanth/Wiper_prediction/Thesis_VCU/Audio/No Rain/18594-1-2-0.wav,18594-1-2-0.wav,No Rain
97,/home/sdv-orin/nisanth/Wiper_prediction/Thesis_VCU/Audio/No Rain/17578-5-0-27.wav,17578-5-0-27.wav,No Rain
98,/home/sdv-orin/nisanth/Wiper_prediction/Thesis_VCU/Audio/No Rain/17913-4-0-0.wav,17913-4-0-0.wav,No Rain
99,/home/sdv-orin/nisanth/Wiper_prediction/Thesis_VCU/Audio/No Rain/17853-5-0-6.wav,17853-5-0-6.wav,No Rain
100,/home/sdv-orin/nisanth/Wiper_prediction/Thesis_VCU/Audio/No Rain/17578-5-0-34.wav,17578-5-0-34.wav,No Rain
101,/home/sdv-orin/nisanth/Wiper_prediction/Thesis_VCU/Audio/No Rain/16692-5-0-8.wav,16692-5-0-8.wav,No Rain
102,/home/sdv-orin/nisanth/Wiper_prediction/Thesis_VCU/Audio/No Rain/17578-5-0-23.wav,17578-5-0-23.wav,No Rain
103,/home/sdv-orin/nisanth/Wiper_prediction/Thesis_VCU/Audio/No Rain/17578-5-0-16.wav,17578-5-0-16.wav,No Rain
104,/home/sdv-orin/nisanth/Wiper_prediction/Thesis_VCU/Audio/No Rain/15544-5-0-12.wav,15544-5-0-12.wav,No Rain
105,/home/sdv-orin/nisanth/Wiper_prediction/Thesis_VCU/Audio/No Rain/18594-1-0-0.wav,18594-1-0-0.wav,No Rain
106,/home/sdv-orin/nisanth/Wiper_prediction/Thesis_VCU/Audio/No Rain/19503-3-2-0.wav,19503-3-2-0.wav,No Rain
107,/home/sdv-orin/nisanth/Wiper_prediction/Thesis_VCU/Audio/No Rain/18581-3-0-0.wav,18581-3-0-0.wav,No Rain
108,/home/sdv-orin/nisanth/Wiper_prediction/Thesis_VCU/Audio/No Rain/17592-5-0-0.wav,17592-5-0-0.wav,No Rain
109,/home/sdv-orin/nisanth/Wiper_prediction/Thesis_VCU/Audio/No Rain/16860-9-0-28.wav,16860-9-0-28.wav,No Rain
110,/home/sdv-orin/nisanth/Wiper_prediction/Thesis_VCU/Audio/No Rain/17853-5-0-8.wav,17853-5-0-8.wav,No Rain
111,/home/sdv-orin/nisanth/Wiper_prediction/Thesis_VCU/Audio/No Rain/15544-5-0-19.wav,15544-5-0-19.wav,No Rain
112,/home/sdv-orin/nisanth/Wiper_prediction/Thesis_VCU/Audio/No Rain/20285-3-1-1.wav,20285-3-1-1.wav,No Rain
113,/home/sdv-orin/nisanth/Wiper_prediction/Thesis_VCU/Audio/No Rain/16860-9-0-30.wav,16860-9-0-30.wav,No Rain
114,/home/sdv-orin/nisanth/Wiper_prediction/Thesis_VCU/Audio/No Rain/19496-3-0-0.wav,19496-3-0-0.wav,No Rain
115,/home/sdv-orin/nisanth/Wiper_prediction/Thesis_VCU/Audio/No Rain/20688-2-0-3.wav,20688-2-0-3.wav,No Rain
116,/home/sdv-orin/nisanth/Wiper_prediction/Thesis_VCU/Audio/No Rain/17853-5-0-12.wav,17853-5-0-12.wav,No Rain
117,/home/sdv-orin/nisanth/Wiper_prediction/Thesis_VCU/Audio/No Rain/15544-5-0-14.wav,15544-5-0-14.wav,No Rain
118,/home/sdv-orin/nisanth/Wiper_prediction/Thesis_VCU/Audio/No Rain/17074-1-0-0.wav,17074-1-0-0.wav,No Rain
119,/home/sdv-orin/nisanth/Wiper_prediction/Thesis_VCU/Audio/No Rain/17578-5-0-35.wav,17578-5-0-35.wav,No Rain
120,/home/sdv-orin/nisanth/Wiper_prediction/Thesis_VCU/Audio/No Rain/17578-5-0-8.wav,17578-5-0-8.wav,No Rain
121,/home/sdv-orin/nisanth/Wiper_prediction/Thesis_VCU/Audio/No Rain/19338-5-2-0.wav,19338-5-2-0.wav,No Rain
122,/home/sdv-orin/nisanth/Wiper_prediction/Thesis_VCU/Audio/No Rain/20015-3-0-4.wav,20015-3-0-4.wav,No Rain
123,/home/sdv-orin/nisanth/Wiper_prediction/Thesis_VCU/Audio/No Rain/15544-5-0-10.wav,15544-5-0-10.wav,No Rain
124,/home/sdv-orin/nisanth/Wiper_prediction/Thesis_VCU/Audio/No Rain/16860-9-0-8.wav,16860-9-0-8.wav,No Rain
125,/home/sdv-orin/nisanth/Wiper_prediction/Thesis_VCU/Audio/No Rain/18453-3-0-0.wav,18453-3-0-0.wav,No Rain
126,/home/sdv-orin/nisanth/Wiper_prediction/Thesis_VCU/Audio/No Rain/20015-3-0-19.wav,20015-3-0-19.wav,No Rain
127,/home/sdv-orin/nisanth/Wiper_prediction/Thesis_VCU/Audio/No Rain/17578-5-0-2.wav,17578-5-0-2.wav,No Rain
128,/home/sdv-orin/nisanth/Wiper_prediction/Thesis_VCU/Audio/No Rain/17480-2-0-24.wav,17480-2-0-24.wav,No Rain
129,/home/sdv-orin/nisanth/Wiper_prediction/Thesis_VCU/Audio/No Rain/17615-3-0-6.wav,17615-3-0-6.wav,No Rain
130,/home/sdv-orin/nisanth/Wiper_prediction/Thesis_VCU/Audio/No Rain/19503-3-1-0.wav,19503-3-1-0.wav,No Rain
131,/home/sdv-orin/nisanth/Wiper_prediction/Thesis_VCU/Audio/No Rain/20285-3-2-0.wav,20285-3-2-0.wav,No Rain
132,/home/sdv-orin/nisanth/Wiper_prediction/Thesis_VCU/Audio/No Rain/17973-2-0-22.wav,17973-2-0-22.wav,No Rain
133,/home/sdv-orin/nisanth/Wiper_prediction/Thesis_VCU/Audio/No Rain/17578-5-0-32.wav,17578-5-0-32.wav,No Rain
134,/home/sdv-orin/nisanth/Wiper_prediction/Thesis_VCU/Audio/No Rain/17578-5-0-14.wav,17578-5-0-14.wav,No Rain
135,/home/sdv-orin/nisanth/Wiper_prediction/Thesis_VCU/Audio/No Rain/17853-5-0-4.wav,17853-5-0-4.wav,No Rain
136,/home/sdv-orin/nisanth/Wiper_prediction/Thesis_VCU/Audio/No Rain/17578-5-0-9.wav,17578-5-0-9.wav,No Rain
137,/home/sdv-orin/nisanth/Wiper_prediction/Thesis_VCU/Audio/No Rain/20571-3-1-0.wav,20571-3-1-0.wav,No Rain
138,/home/sdv-orin/nisanth/Wiper_prediction/Thesis_VCU/Audio/No Rain/18581-3-1-3.wav,18581-3-1-3.wav,No Rain
139,/home/sdv-orin/nisanth/Wiper_prediction/Thesis_VCU/Audio/No Rain/17853-5-0-5.wav,17853-5-0-5.wav,No Rain
140,/home/sdv-orin/nisanth/Wiper_prediction/Thesis_VCU/Audio/No Rain/17615-3-0-3.wav,17615-3-0-3.wav,No Rain
141,/home/sdv-orin/nisanth/Wiper_prediction/Thesis_VCU/Audio/No Rain/17615-3-0-0.wav,17615-3-0-0.wav,No Rain
142,/home/sdv-orin/nisanth/Wiper_prediction/Thesis_VCU/Audio/No Rain/17480-2-0-30.wav,17480-2-0-30.wav,No Rain
143,/home/sdv-orin/nisanth/Wiper_prediction/Thesis_VCU/Audio/No Rain/20688-2-0-2.wav,20688-2-0-2.wav,No Rain
144,/home/sdv-orin/nisanth/Wiper_prediction/Thesis_VCU/Audio/No Rain/16692-5-0-9.wav,16692-5-0-9.wav,No Rain
145,/home/sdv-orin/nisanth/Wiper_prediction/Thesis_VCU/Audio/No Rain/18594-1-3-0.wav,18594-1-3-0.wav,No Rain
146,/home/sdv-orin/nisanth/Wiper_prediction/Thesis_VCU/Audio/No Rain/17009-2-0-0.wav,17009-2-0-0.wav,No Rain
147,/home/sdv-orin/nisanth/Wiper_prediction/Thesis_VCU/Audio/No Rain/19007-4-0-0.wav,19007-4-0-0.wav,No Rain
148,/home/sdv-orin/nisanth/Wiper_prediction/Thesis_VCU/Audio/No Rain/15564-2-0-1.wav,15564-2-0-1.wav,No Rain
149,/home/sdv-orin/nisanth/Wiper_prediction/Thesis_VCU/Audio/No Rain/18594-1-4-0.wav,18594-1-4-0.wav,No Rain
150,/home/sdv-orin/nisanth/Wiper_prediction/Thesis_VCU/Audio/No Rain/18592-5-0-4.wav,18592-5-0-4.wav,No Rain
151,/home/sdv-orin/nisanth/Wiper_prediction/Thesis_VCU/Audio/No Rain/17578-5-0-11.wav,17578-5-0-11.wav,No Rain
152,/home/sdv-orin/nisanth/Wiper_prediction/Thesis_VCU/Audio/No Rain/20015-3-0-12.wav,20015-3-0-12.wav,No Rain
153,/home/sdv-orin/nisanth/Wiper_prediction/Thesis_VCU/Audio/No Rain/17578-5-0-21.wav,17578-5-0-21.wav,No Rain
154,/home/sdv-orin/nisanth/Wiper_prediction/Thesis_VCU/Audio/No Rain/16860-9-0-26.wav,16860-9-0-26.wav,No Rain
155,/home/sdv-orin/nisanth/Wiper_prediction/Thesis_VCU/Audio/No Rain/17853-5-0-7.wav,17853-5-0-7.wav,No Rain
156,/home/sdv-orin/nisanth/Wiper_prediction/Thesis_VCU/Audio/No Rain/17973-2-0-17.wav,17973-2-0-17.wav,No Rain
157,/home/sdv-orin/nisanth/Wiper_prediction/Thesis_VCU/Audio/No Rain/17592-5-1-2.wav,17592-5-1-2.wav,No Rain
158,/home/sdv-orin/nisanth/Wiper_prediction/Thesis_VCU/Audio/No Rain/17307-1-0-0.wav,17307-1-0-0.wav,No Rain
159,/home/sdv-orin/nisanth/Wiper_prediction/Thesis_VCU/Audio/No Rain/18592-5-0-1.wav,18592-5-0-1.wav,No Rain
160,/home/sdv-orin/nisanth/Wiper_prediction/Thesis_VCU/Audio/No Rain/17009-2-0-4.wav,17009-2-0-4.wav,No Rain
161,/home/sdv-orin/nisanth/Wiper_prediction/Thesis_VCU/Audio/No Rain/18592-5-0-0.wav,18592-5-0-0.wav,No Rain
162,/home/sdv-orin/nisanth/Wiper_prediction/Thesis_VCU/Audio/No Rain/17853-5-0-1.wav,17853-5-0-1.wav,No Rain
163,/home/sdv-orin/nisanth/Wiper_prediction/Thesis_VCU/Audio/No Rain/15544-5-0-16.wav,15544-5-0-16.wav,No Rain
164,/home/sdv-orin/nisanth/Wiper_prediction/Thesis_VCU/Audio/No Rain/15544-5-0-8.wav,15544-5-0-8.wav,No Rain
165,/home/sdv-orin/nisanth/Wiper_prediction/Thesis_VCU/Audio/No Rain/17913-4-0-2.wav,17913-4-0-2.wav,No Rain
166,/home/sdv-orin/nisanth/Wiper_prediction/Thesis_VCU/Audio/No Rain/17009-2-0-10.wav,17009-2-0-10.wav,No Rain
167,/home/sdv-orin/nisanth/Wiper_prediction/Thesis_VCU/Audio/No Rain/17480-2-0-5.wav,17480-2-0-5.wav,No Rain
168,/home/sdv-orin/nisanth/Wiper_prediction/Thesis_VCU/Audio/No Rain/17853-5-0-13.wav,17853-5-0-13.wav,No Rain
